City,Cloudiness,Country,Date,Humidity,Lat,Lng,Max Temp,Wind Speed
Rikitea,0,PF,1644432157,67,-23.1203,-134.9692,78.78,16.49
Katangli,100,RU,1644432359,93,51.7102,143.2326,12.31,11.05
Balkanabat,0,TM,1644432360,29,39.5108,54.3671,54.36,7.81
Ushuaia,40,AR,1644432105,41,-54.8,-68.3,58.62,14.97
Pevek,100,RU,1644432361,99,69.7008,170.3133,-31.9,5.5
Chokurdakh,71,RU,1644432361,99,70.6333,147.9167,-37.16,9.06
Conakry,4,GN,1644432261,58,9.538,-13.6773,86.07,6.91
Bluff,73,NZ,1644432362,96,-46.6,168.3333,59.81,6.55
Puerto Ayora,70,EC,1644432362,72,-0.7393,-90.3518,80.56,9.86
Kaitangata,100,NZ,1644432362,99,-46.2817,169.8464,58.62,7.96
Abhā,0,SA,1644432362,77,18.2164,42.5053,58.82,5.75
New Norfolk,98,AU,1644432363,65,-42.7826,147.0587,62.1,1.01
Port Alfred,1,ZA,1644432363,84,-33.5906,26.891,68.41,7.58
Kudahuvadhoo,100,MV,1644432363,70,2.6708,72.8944,81.79,10.58
Hilo,100,US,1644432364,92,19.7297,-155.09,73.26,8.05
Los Algarrobos,40,PA,1644432364,48,8.5,-82.4333,88.21,6.91
Lakes Entrance,14,AU,1644432364,92,-37.8811,147.981,62.17,5.5
Kapaa,40,US,1644432364,80,22.0752,-159.319,74.19,11.5
Diego de Almagro,0,CL,1644432365,21,-26.3667,-70.05,81.7,15.43
Qaanaaq,99,GL,1644432365,78,77.484,-69.3632,-20.99,4.52
Sakakah,80,SA,1644432365,33,29.9697,40.2064,69.37,10.96
Barrow,0,US,1644432365,62,71.2906,-156.7887,-23.78,14.97
Iqaluit,20,CA,1644432366,62,63.7506,-68.5145,-16.31,12.66
Punta Arenas,37,CL,1644432366,37,-53.15,-70.9167,53.11,28.83
Tshikapa,77,CD,1644432366,80,-6.4167,20.8,75.63,1.36
Nikolskoye,100,RU,1644432367,93,59.7035,30.7861,35.71,8.61
Lauterbach,100,DE,1644432143,89,50.6333,9.4,46.8,4.12
Mataura,100,NZ,1644432367,99,-46.1927,168.8643,59.49,1.41
Haines Junction,34,CA,1644432370,93,60.7522,-137.5108,35.55,6.91
Hong Kong,100,HK,1644432268,83,22.2855,114.1577,62.94,5.99
Lábrea,100,BR,1644432371,89,-7.2586,-64.7981,79.75,3.09
Los Arabos,45,CU,1644432372,35,22.7281,-80.7214,89.62,8.68
Saint Paul Harbor,0,US,1644432372,63,57.79,-152.4072,24.31,8.05
Mar del Plata,0,AR,1644432146,69,-38.0023,-57.5575,78.82,12.66
Novy Urengoy,60,RU,1644432177,93,66.0833,76.6333,-3.57,11.59
Ballina,7,AU,1644432373,99,-28.8667,153.5667,62.78,0.0
Cabo San Lucas,22,MX,1644432374,40,22.8909,-109.9124,80.62,1.99
Kabo,92,CF,1644432374,14,7.6994,18.629,79.39,5.73
Fortuna,17,US,1644432374,38,40.5982,-124.1573,66.54,4.34
Tucumã,100,BR,1644432374,67,-0.1833,-50.05,84.25,7.18
Krasnosel'kup,51,RU,1644432375,87,65.7,82.4667,-11.74,10.6
Faanui,21,PF,1644432375,77,-16.4833,-151.75,81.18,16.24
Busselton,8,AU,1644432375,69,-33.65,115.3333,61.09,10.92
Shurugwi,10,ZW,1644432376,47,-19.6702,30.0059,67.32,4.54
Saint-Philippe,83,RE,1644432376,82,-21.3585,55.7679,74.79,6.82
Marawi,100,PH,1644432376,95,7.9986,124.2928,67.64,1.54
Salalah,0,OM,1644432170,14,17.0151,54.0924,75.29,8.05
Namatanai,42,PG,1644432377,82,-3.6667,152.4333,78.76,0.69
Thompson,40,CA,1644432377,65,55.7435,-97.8558,-3.84,3.44
Hasaki,100,JP,1644432377,58,35.7333,140.8333,39.6,13.33
Upernavik,100,GL,1644432377,69,72.7868,-56.1549,-12.41,8.59
Tikhvin,82,RU,1644432378,98,59.6451,33.5294,22.37,7.14
Fort Walton Beach,0,US,1644432378,41,30.4058,-86.6188,65.52,10.36
Longyearbyen,75,SJ,1644432378,72,78.2186,15.6401,8.44,9.22
Russell,0,US,1644432379,32,32.3502,-85.1999,63.37,8.05
Bredasdorp,7,ZA,1644432379,64,-34.5322,20.0403,70.92,12.66
Al Bardīyah,60,LY,1644432379,53,31.7561,25.0865,53.35,23.04
Vao,100,NC,1644432379,88,-22.6667,167.4833,80.29,27.83
Airai,100,TL,1644432379,93,-8.9266,125.4092,61.39,1.14
Itoman,75,JP,1644432380,82,26.1247,127.6694,63.37,5.75
Jamestown,40,US,1644432380,52,42.097,-79.2353,49.32,16.11
Ciudad Bolivar,100,VE,1644432380,28,8.1222,-63.5497,95.32,9.24
George Town,20,MY,1644432381,97,5.4112,100.3354,79.95,3.44
Labuan,20,MY,1644432381,88,5.2767,115.2417,80.96,5.01
Tuatapere,48,NZ,1644432381,97,-46.1333,167.6833,59.83,0.96
Port Lincoln,100,AU,1644432381,75,-34.7333,135.8667,61.03,6.98
Alofi,100,NU,1644432382,100,-19.0595,-169.9187,75.09,3.44
Izhma,80,RU,1644432382,85,65.0083,53.9113,15.55,13.09
Port Blair,20,IN,1644432382,78,11.6667,92.75,78.84,5.75
Hermanus,13,ZA,1644432338,89,-34.4187,19.2345,69.91,10.56
Saskylakh,40,RU,1644432383,97,71.9167,114.0833,-9.76,7.25
Solnechnyy,100,RU,1644432383,98,50.7214,136.6319,-2.51,2.1
Torbay,75,CA,1644432383,88,47.6666,-52.7314,39.38,26.46
Ribeira Grande,20,PT,1644432384,67,38.5167,-28.7,61.2,11.5
Phan Thiet,81,VN,1644432234,81,10.9333,108.1,73.65,7.9
Safranbolu,94,TR,1644432384,92,41.2508,32.6942,28.83,3.51
Kununurra,60,AU,1644432384,100,-15.7667,128.7333,76.98,3.44
Tasiilaq,26,GL,1644432385,64,65.6145,-37.6368,14.16,11.1
Broome,97,US,1644432385,54,42.2506,-75.833,45.18,12.66
Butaritari,100,KI,1644432385,78,3.0707,172.7902,81.77,16.06
Cap Estate,75,LC,1644432386,83,14.0833,-60.95,83.82,11.5
Santa Fe,0,AR,1644432386,27,-31.6333,-60.7,93.02,7.0
Cayenne,75,GF,1644432386,86,4.9333,-52.3333,77.09,3.44
Ilhabela,42,BR,1644432387,82,-23.7781,-45.3581,75.9,5.82
Khatanga,100,RU,1644432387,92,71.9667,102.5,-1.89,14.47
Tuktoyaktuk,75,CA,1644432388,68,69.4541,-133.0374,-31.0,14.97
Paita,100,PE,1644432388,63,-5.0892,-81.1144,84.76,13.44
Sola,100,VU,1644432388,79,-13.8833,167.55,82.08,26.37
Bathsheba,75,BB,1644432388,65,13.2167,-59.5167,81.21,24.16
Betūl,14,IN,1644432389,44,21.9153,77.8961,62.08,4.27
Constitución,12,CL,1644432389,63,-35.3333,-72.4167,70.84,12.62
Pangnirtung,20,CA,1644432389,64,66.1451,-65.7125,-13.0,2.3
Hobart,100,AU,1644432389,80,-42.8794,147.3294,62.46,6.91
Norman Wells,100,CA,1644432390,59,65.282,-126.8329,-9.36,26.46
Arraial do Cabo,75,BR,1644432390,94,-22.9661,-42.0278,75.16,8.05
Cartagena,40,CO,1644432390,66,10.3997,-75.5144,87.42,16.11
Antofagasta,38,CL,1644432390,66,-23.65,-70.4,72.21,8.63
Ahipara,69,NZ,1644432391,89,-35.1667,173.1667,72.18,10.45
La Palma,0,US,1644432391,18,33.8464,-118.0467,87.49,5.01
East London,0,ZA,1644432236,83,-33.0153,27.9116,68.94,8.05
Vikulovo,6,RU,1644432391,97,56.8167,70.6107,-9.02,5.59
Albany,12,US,1644432392,54,42.6001,-73.9662,43.27,3.0
Cidreira,27,BR,1644432392,62,-30.1811,-50.2056,74.64,11.41
Ferme-Neuve,100,CA,1644432392,84,46.7001,-75.4493,28.18,9.6
Choluteca,6,HN,1644432393,21,13.3005,-87.1846,99.28,4.05
Vaini,20,TO,1644432393,94,-21.2,-175.2,78.96,6.91
Changji,100,CN,1644432393,85,44.0167,87.3167,3.99,4.47
Sistranda,100,NO,1644432393,74,63.7256,8.834,38.89,37.13
Castro,7,BR,1644432393,65,-24.7911,-50.0119,73.47,2.44
Shache,77,CN,1644432394,50,38.4167,77.2406,28.81,1.5
Poya,100,NC,1644432394,93,-21.35,165.15,79.56,13.0
Trelew,75,AR,1644432334,52,-43.249,-65.3051,70.07,6.91
Olafsvik,100,IS,1644432395,51,64.8945,-23.7142,26.31,12.53
Yeppoon,0,AU,1644432395,73,-23.1333,150.7333,69.58,3.96
Acapulco de Juárez,0,MX,1644432395,58,16.8634,-99.8901,84.02,2.3
Wanning,97,CN,1644432396,93,18.8003,110.3967,71.17,5.08
Hamilton,0,US,1644432396,53,39.1834,-84.5333,52.65,14.97
Teknāf,5,BD,1644432396,57,20.8624,92.3058,63.14,8.79
Leningradskiy,100,RU,1644432396,96,69.3833,178.4167,-26.03,9.04
Kampot,34,KH,1644432397,76,10.6167,104.1833,78.85,4.56
Guerrero Negro,98,MX,1644432397,26,27.9769,-114.0611,70.61,5.06
Hithadhoo,13,MV,1644432397,71,-0.6,73.0833,82.69,13.38
Jardim,0,BR,1644432397,16,-21.4803,-56.1381,95.74,3.02
Severo-Kuril'sk,100,RU,1644432398,89,50.6789,156.125,31.3,18.14
Dustlik,100,UZ,1644432398,54,40.5247,68.0358,41.38,6.22
Kitimat,100,CA,1644432398,30,54.0524,-128.6534,44.98,1.01
Muros,1,ES,1644432362,85,42.7762,-9.0603,57.7,5.86
Carnarvon,0,AU,1644432401,73,-24.8667,113.6333,77.07,16.11
Broken Hill,15,AU,1644432401,52,-31.95,141.4333,69.51,17.27
Awjilah,39,LY,1644432401,42,29.1081,21.2869,55.44,9.42
Los Llanos de Aridane,0,ES,1644432371,60,28.6585,-17.9182,67.75,4.61
Palana,25,RU,1644432402,94,59.1167,159.9667,-6.16,4.34
Sal Rei,0,CV,1644432402,50,16.1833,-22.9167,80.8,14.97
Sibolga,100,ID,1644432402,96,1.7427,98.7792,74.26,3.27
Derzhavīnsk,98,KZ,1644432403,97,51.1,66.3167,13.23,5.91
Katsuura,100,JP,1644432403,70,35.1333,140.3,44.19,15.97
Provideniya,13,RU,1644432403,84,64.3833,-173.3,-16.69,5.99
Lebu,0,CL,1644432403,63,-37.6167,-73.65,64.18,21.54
Coquimbo,16,CL,1644432233,70,-29.9533,-71.3436,69.01,6.87
Lázaro Cárdenas,0,MX,1644432404,57,17.9583,-102.2,81.77,10.29
Talcahuano,0,CL,1644432404,67,-36.7167,-73.1167,66.22,14.41
Poum,100,NC,1644432405,87,-20.2333,164.0167,81.16,29.12
Two Rivers,100,US,1644432405,81,44.1539,-87.5693,39.99,17.27
Vanimo,93,PG,1644432405,90,-2.6741,141.3028,76.59,3.22
Esperance,5,AU,1644432406,83,-33.8667,121.9,58.84,8.99
Atuona,25,PF,1644432406,79,-9.8,-139.0333,77.92,18.1
Jacksonville,0,US,1644432315,53,30.3322,-81.6556,64.09,9.22
Barranca,96,PE,1644432406,65,-10.75,-77.7667,74.8,9.93
Zhifang,18,CN,1644432407,83,30.35,114.3167,33.78,2.28
Vila Franca do Campo,5,PT,1644432407,75,37.7167,-25.4333,63.19,8.95
Vrangel',86,RU,1644432408,90,42.7297,133.0839,27.91,4.0
Lugazi,100,UG,1644432408,77,0.3772,32.9197,71.28,3.06
Kenora,100,CA,1644432408,79,49.8167,-94.4337,17.58,15.01
Igurubi,47,TZ,1644432409,80,-4.0,33.7,67.91,3.62
Loa Janan,100,ID,1644432409,100,-0.583,117.095,73.35,2.51
Yellowknife,100,CA,1644432409,86,62.456,-114.3525,-8.59,8.05
Kahului,20,US,1644432410,73,20.8947,-156.47,75.85,8.99
Kansanshi,44,ZM,1644432410,91,-12.0951,26.4273,61.81,2.98
Kavieng,88,PG,1644432410,80,-2.5744,150.7967,80.94,6.73
Teresa,76,PH,1644432410,87,14.5833,121.2333,78.08,4.7
Krasnyye Chetai,100,RU,1644432411,98,55.6887,46.1386,30.69,8.1
Seymchan,80,RU,1644432411,100,62.8833,152.4333,-42.23,0.81
Qaqortoq,76,GL,1644432411,70,60.7167,-46.0333,14.5,9.28
Port Hedland,40,AU,1644432411,89,-20.3167,118.5667,78.85,6.91
Mahébourg,40,MU,1644432412,83,-20.4081,57.7,77.29,4.61
Duartina,23,BR,1644432412,49,-22.4144,-49.4039,88.95,6.49
Abu Samrah,100,SY,1644432412,86,35.3029,37.1841,47.03,9.33
Karratha,44,AU,1644432412,67,-20.7377,116.8463,84.79,5.12
Rayachoti,5,IN,1644432413,80,14.05,78.75,65.61,4.47
Yulara,0,AU,1644432414,53,-25.2406,130.9889,75.04,5.75
Khandyga,67,RU,1644432414,100,62.6667,135.6,-38.11,0.76
Furao,94,PH,1644432415,92,17.0329,121.7981,69.57,2.59
Florida,0,US,1644432415,41,28.7505,-82.5001,67.21,5.75
Cho Dok,92,VN,1644432415,88,10.7,105.1167,72.91,3.76
Carutapera,99,BR,1644432415,84,-1.195,-46.02,80.51,5.64
Korla,100,CN,1644432416,48,41.7597,86.1469,26.06,3.02
Maţāy,4,EG,1644432416,49,28.419,30.7792,53.73,13.6
Avarua,20,CK,1644432416,89,-21.2078,-159.775,78.85,1.14
Port Hardy,100,CA,1644432417,93,50.6996,-127.4199,46.76,11.5
High Rock,100,BS,1644432417,82,26.6208,-78.2833,68.02,14.09
San Juan Bautista,9,PE,1644432417,40,-14.0108,-75.7358,70.18,15.05
Placerville,0,US,1644432417,31,38.7296,-120.7986,73.94,5.75
Launceston,40,AU,1644432418,88,-41.45,147.1667,60.44,10.36
Hecun,0,CN,1644432418,46,36.5333,114.1111,37.2,4.09
Geraldton,0,AU,1644432418,82,-28.7667,114.6,64.81,8.05
Aklavik,100,CA,1644432418,69,68.2191,-135.0107,-22.97,9.22
Pisco,0,PE,1644432419,83,-13.7,-76.2167,75.02,10.36
Comodoro Rivadavia,40,AR,1644432419,31,-45.8667,-67.5,73.26,9.22
Nanortalik,84,GL,1644432419,64,60.1432,-45.2371,21.49,3.71
Pouembout,100,NC,1644432419,93,-21.1333,164.9,79.12,14.05
Taoudenni,2,ML,1644432420,13,22.6783,-3.9836,73.24,11.18
Alghero,0,IT,1644432420,81,40.5589,8.3181,50.09,3.44
South Lake Tahoe,0,US,1644432421,44,38.9332,-119.9844,55.87,3.44
Columbus,20,US,1644432228,59,39.9612,-82.9988,47.91,21.85
Noumea,100,NC,1644432421,99,-22.2763,166.4572,82.0,15.64
Portland,75,US,1644431916,83,45.5234,-122.6762,54.61,1.99
Cherskiy,79,RU,1644432422,100,68.75,161.3,-44.88,4.18
Mossamedes,100,AO,1644432422,75,-15.1961,12.1522,74.97,12.08
Buala,38,SB,1644432423,84,-8.145,159.5921,79.02,6.78
Bengkulu,100,ID,1644432370,71,-3.8004,102.2655,76.68,7.45
Curaçá,32,BR,1644432423,22,-8.9903,-39.9094,97.27,5.39
Maceió,40,BR,1644432423,55,-9.6658,-35.7353,89.04,16.11
Cockburn Town,20,TC,1644432424,54,21.4612,-71.1419,82.36,16.11
Henties Bay,0,NA,1644432424,82,-22.116,14.2845,69.85,4.81
Cape Town,0,ZA,1644432406,75,-33.9258,18.4232,71.89,9.22
Yenagoa,100,NG,1644432425,63,4.9247,6.2642,83.26,8.86
Coxim,100,BR,1644432425,44,-18.5067,-54.76,86.4,2.13
Brodokalmak,100,RU,1644432425,99,55.5748,62.082,13.1,1.77
Barra de Tecoanapa,2,MX,1644432426,57,16.5167,-98.75,82.51,10.47
Okato,99,NZ,1644432426,94,-39.2,173.8833,70.92,10.8
Santarém,40,BR,1644432129,78,-2.4431,-54.7083,82.53,2.3
Bethel,0,US,1644432426,51,41.3712,-73.414,46.29,8.05
Dikson,99,RU,1644432427,94,73.5069,80.5464,0.36,21.72
Wilmington,0,US,1644432427,39,34.2257,-77.9447,59.99,1.01
Okhotsk,100,RU,1644432427,81,59.3833,143.3,7.3,7.94
Kirs,100,RU,1644432427,95,59.3388,52.2447,20.91,9.6
Djougou,21,BJ,1644432428,13,9.7085,1.666,91.51,5.35
Egvekinot,1,RU,1644432181,81,66.3167,-179.1667,-23.49,9.53
Øksfjord,97,NO,1644432428,77,70.2396,22.3479,23.92,10.94
Grand Gaube,5,MU,1644432429,75,-20.0064,57.6608,77.4,1.99
Dingle,100,PH,1644432429,89,10.9995,122.6711,73.18,8.05
Christchurch,100,NZ,1644432429,96,-43.5333,172.6333,63.91,1.14
Hella,100,NO,1644432430,97,67.2,14.4333,32.88,17.27
Bras-Panon,30,RE,1644432430,93,-20.9967,55.6782,74.86,7.49
Palimbang,86,PH,1644432430,84,6.2106,124.1894,77.67,3.83
Puerto Escondido,0,MX,1644432431,65,15.85,-97.0667,85.03,5.75
Ostrovnoy,100,RU,1644432431,85,68.0531,39.5131,24.57,23.29
Najrān,0,SA,1644432431,28,17.4924,44.1277,61.45,2.95
Kiunga,100,PG,1644432431,100,-6.1219,141.2906,73.96,0.83
Pita,98,GN,1644432432,14,10.8333,-12.5833,84.58,5.64
Mongo,1,TD,1644432432,9,12.1844,18.693,75.4,6.96
Impfondo,100,CG,1644432432,30,1.6381,18.0667,80.4,2.66
Mahanoro,13,MG,1644432433,93,-19.9,48.8,76.91,5.91
Diapaga,10,BF,1644432433,10,12.0708,1.7889,83.95,7.56
Chokwé,0,MZ,1644432434,60,-24.5333,32.9833,80.4,10.76
Kaputa,100,ZM,1644432434,87,-8.4689,29.6619,69.84,2.71
Xining,100,CN,1644432435,86,36.6167,101.7667,16.5,1.63
Hambantota,20,LK,1644432436,94,6.1241,81.1185,75.54,4.61
Alice Springs,20,AU,1644432436,68,-23.7,133.8833,72.95,5.75
Itaqui,0,BR,1644432437,16,-29.1253,-56.5531,92.75,8.03
Merauke,98,ID,1644432437,87,-8.4667,140.3333,78.01,5.88
Mandalgovi,86,MN,1644432437,90,45.7625,106.2708,2.07,8.55
Robertsport,5,LR,1644432439,81,6.7533,-11.3686,80.82,10.27
Port Macquarie,3,AU,1644432439,81,-31.4333,152.9167,60.76,4.23
Sorong,100,ID,1644432440,83,-0.8833,131.25,78.93,2.46
Yar-Sale,22,RU,1644432440,95,66.8333,70.8333,1.99,13.33
Toora-Khem,100,RU,1644432440,100,52.4675,96.11,-19.68,1.61
Chui,70,UY,1644432440,57,-33.6971,-53.4616,73.92,11.39
Cobija,75,BO,1644432441,62,-11.0267,-68.7692,89.78,0.0
Clyde,100,US,1644432441,100,41.3042,-82.9752,43.12,14.63
Baker City,75,US,1644432441,86,44.7749,-117.8344,47.14,0.0
Saint George,0,US,1644432442,19,37.1041,-113.5841,62.35,1.01
Kholm,100,RU,1644432442,97,59.2667,32.85,25.38,8.37
Lorengau,59,PG,1644432442,80,-2.0226,147.2712,80.98,3.27
Rovaniemi,100,FI,1644432442,93,66.5,25.7167,27.81,14.97
Sunland Park,0,US,1644432443,24,31.7965,-106.58,61.25,5.75
Kirakira,100,SB,1644432443,88,-10.4544,161.9205,79.16,9.8
Kolomna,89,RU,1644432443,97,55.0794,38.7783,30.45,6.24
Wanaka,100,NZ,1644432444,95,-44.7,169.15,63.23,2.91
Ponta do Sol,100,PT,1644432444,65,32.6667,-17.1,69.71,7.61
Chotěboř,100,CZ,1644432444,82,49.7207,15.6702,42.62,8.46
Kiryat Gat,16,IL,1644432444,100,31.61,34.7642,56.08,15.43
Auki,98,SB,1644432445,89,-8.7676,160.7034,77.86,8.19
Siilinjärvi,100,FI,1644432445,93,63.0833,27.6667,28.42,5.75
Seoul,0,KR,1644432215,69,37.5683,126.9778,29.64,3.44
Matagami,100,CA,1644432445,80,49.7502,-77.6328,23.11,13.8
Dongsheng,0,CN,1644432446,59,39.8161,109.9776,19.29,10.11
Hervey Bay,2,AU,1644432446,87,-25.2986,152.8535,68.11,8.01
Mulchén,0,CL,1644432446,11,-37.7167,-72.2333,89.04,8.5
Punta Alta,2,AR,1644432446,31,-38.8759,-62.0736,87.53,9.78
Garoowe,32,SO,1644432447,67,8.4054,48.4845,68.94,19.84
Marshall,0,US,1644432447,37,34.3834,-86.3333,63.12,20.71
Marabu,40,MY,1644432448,94,4.4148,114.0089,78.94,0.0
Nieuw Amsterdam,20,SR,1644432448,62,5.8833,-55.0833,90.14,6.91
Bhandāra,12,IN,1644432448,70,21.1667,79.65,73.99,3.04
Tinskoy,100,RU,1644432449,100,56.1525,96.9161,-23.12,0.76
Kuching,40,MY,1644432449,94,1.55,110.3333,75.42,3.44
Shwebo,4,MM,1644432449,49,22.5667,95.7,61.3,4.27
Grootfontein,85,NA,1644432449,64,-19.5667,18.1167,71.17,0.0
Maple Creek,7,CA,1644432450,56,49.9168,-109.4848,41.41,11.5
Mataram,100,ID,1644432450,85,-8.5833,116.1167,77.81,3.22
Belmonte,8,BR,1644432451,68,-15.8631,-38.8828,84.7,9.4
Bambous Virieux,40,MU,1644432451,83,-20.3428,57.7575,77.25,4.61
Fort Nelson,100,CA,1644432451,85,58.8053,-122.7002,4.59,11.5
Vernon,97,CA,1644432452,82,50.2581,-119.2691,42.13,3.0
Itacoatiara,90,BR,1644432312,79,-3.1431,-58.4442,83.5,0.96
Lüderitz,2,NA,1644432452,48,-26.6481,15.1594,76.33,19.26
Foso,46,GH,1644432452,71,5.7012,-1.2866,80.76,7.94
College,100,US,1644432453,75,64.8569,-147.8028,-6.41,4.61
Langxiang,100,CN,1644432453,99,46.95,128.8833,5.23,1.03
Rio Grande,46,BR,1644432453,53,-32.035,-52.0986,80.71,10.83
The Valley,75,AI,1644432453,83,18.217,-63.0578,80.46,14.97
Kovdor,100,RU,1644432454,92,67.5662,30.4758,23.02,8.63
Saint-Leu,41,RE,1644432392,79,-21.15,55.2833,74.26,3.8
Buin,0,CL,1644432454,20,-33.7333,-70.75,88.05,13.58
Kembé,98,CF,1644432454,25,4.6228,21.8865,76.87,1.81
Skoczów,100,PL,1644432343,88,49.8009,18.7877,44.06,6.24
Saint Anthony,100,US,1644432455,72,45.0205,-93.218,35.44,17.27
Dovbysh,99,UA,1644432455,90,50.3733,27.9874,33.58,7.38
Tura,5,IN,1644432456,65,25.5198,90.2201,56.55,3.71
Pizarro,90,CO,1644432456,79,4.9533,-77.366,79.9,7.2
Bodden Town,75,KY,1644432456,70,19.2833,-81.25,83.98,8.05
Rocha,3,UY,1644432456,49,-34.4833,-54.3333,76.55,11.01
Raudeberg,100,NO,1644432457,87,61.9875,5.1352,41.2,11.01
Hofn,20,IS,1644432457,63,64.2539,-15.2082,26.62,21.85
Lompoc,0,US,1644432457,29,34.6391,-120.4579,83.57,5.75
Zaraza,100,VE,1644432458,26,9.3503,-65.3245,95.41,8.66
Bandarbeyla,100,SO,1644432458,67,9.4942,50.8122,75.24,20.04
Zaysan,90,KZ,1644432458,88,47.4667,84.8667,1.98,4.25
Tabriz,15,IR,1644432414,69,38.08,46.2919,33.26,6.91
Andros Town,27,BS,1644432459,67,24.7,-77.7667,82.36,8.25
Saint-Augustin,100,CA,1644432459,82,51.226,-58.6502,31.53,19.57
Itaituba,40,BR,1644432459,62,-4.2761,-55.9836,89.76,4.61
Oranjemund,0,NA,1644432460,82,-28.55,16.4333,65.44,12.84
Nome,100,US,1644432460,77,64.5011,-165.4064,-9.33,11.5
Haverfordwest,100,GB,1644432460,85,51.8017,-4.9691,48.54,6.93
Mabaruma,20,GY,1644432460,78,8.2,-59.7833,82.4,4.61
Lianzhou,100,CN,1644432461,94,24.7811,112.3825,42.76,2.55
Arroyo de la Encomienda,0,ES,1644432461,52,41.6096,-4.7969,54.14,5.75
Presidente Dutra,100,BR,1644432405,87,-5.29,-44.49,81.28,3.02
Chapais,100,CA,1644432463,84,49.7834,-74.8492,19.18,9.53
Sheridan,75,US,1644432463,42,44.8333,-106.9173,46.78,21.85
Faya,5,SA,1644432463,79,18.3851,42.4509,59.11,3.67
Tongchuanshi,34,CN,1644432463,69,35.0806,109.0897,29.14,3.02
Natá,45,PA,1644432464,41,8.3333,-80.5167,88.47,17.49
Chickasha,0,US,1644432464,23,35.0526,-97.9364,67.28,10.36
Oktyabr'skiy,100,RU,1644432464,92,54.4815,53.471,20.88,12.44
Talnakh,99,RU,1644432352,96,69.4865,88.3972,-3.8,10.58
Acarí,10,PE,1644432465,53,-15.4311,-74.6158,81.9,12.15
Mbekenyera,100,TZ,1644432465,97,-10.0,38.9833,71.62,4.32
Cabedelo,53,BR,1644432465,62,-6.9811,-34.8339,86.67,10.71
Halifax,75,CA,1644432466,76,44.6453,-63.5724,41.49,15.01
Kyzyl-Suu,100,KG,1644432466,77,42.3414,78.0056,20.64,8.46
Omboué,100,GA,1644432466,87,-1.5746,9.2618,78.39,6.87
Savannah,0,US,1644432466,41,32.0835,-81.0998,60.96,6.91
Kruisfontein,0,ZA,1644432467,82,-34.0033,24.7314,65.88,3.98
Yelizovo,75,RU,1644432467,100,53.1873,158.3805,21.34,4.47
Saldanha,0,ZA,1644432467,89,-33.0117,17.9442,69.85,7.45
Nirgua,91,VE,1644432468,60,10.1553,-68.5663,78.15,3.62
Codrington,100,AU,1644432468,82,-38.2667,141.9667,58.46,5.7
Evensk,24,RU,1644432468,72,61.95,159.2333,-12.01,5.66
Dukat,75,RU,1644432468,67,62.55,155.55,-20.78,3.44
Panabá,79,MX,1644432469,56,21.2833,-88.2667,77.18,14.61
Sochi,100,RU,1644432370,90,43.6,39.7303,41.09,6.82
Shingū,100,JP,1644432469,80,33.7333,135.9833,42.91,3.53
Celendín,87,PE,1644432470,66,-6.8703,-78.1517,63.12,4.09
Eureka,4,US,1644432470,49,40.8021,-124.1637,66.81,6.44
Palmital,28,BR,1644432470,61,-22.7889,-50.2175,80.85,4.94
Aykhal,99,RU,1644432471,80,66.0,111.5,-11.29,3.24
Southport,40,GB,1644432471,84,53.6478,-3.0065,45.9,9.22
Manacapuru,68,BR,1644432312,66,-3.2997,-60.6206,77.58,2.71
Vila Velha,40,BR,1644432346,82,-20.3297,-40.2925,75.94,14.97
Amahai,100,ID,1644432471,85,-3.3333,128.9167,78.53,7.83
Conceição do Araguaia,100,BR,1644432472,64,-8.2578,-49.2647,85.93,3.44
Laas,6,IT,1644432472,35,46.6166,10.7002,54.86,2.13
Linhares,62,BR,1644432472,69,-19.3911,-40.0722,83.57,8.79
Tautira,37,PF,1644432473,74,-17.7333,-149.15,84.22,17.85
Preston,40,GB,1644432307,86,53.7667,-2.7167,45.16,9.22
Sitka,100,US,1644432473,87,57.0531,-135.33,46.29,11.5
Carballo,0,ES,1644432309,89,43.213,-8.691,58.69,4.52
Vilyuysk,81,RU,1644432474,100,63.7553,121.6247,-41.94,1.23
Osypenko,56,UA,1644432474,85,46.9136,36.8253,33.84,7.87
Muli,97,MV,1644432474,74,2.9167,73.5667,81.59,10.58
Northam,100,GB,1644432475,96,51.0333,-4.2167,51.03,8.5
Isabela,100,PH,1644432475,87,6.7085,121.9711,78.85,4.43
Nador,40,MA,1644432475,77,35.174,-2.9287,57.45,6.91
Kontagora,0,NG,1644432475,12,10.3999,5.4695,84.74,4.16
Tiarei,27,PF,1644432476,76,-17.5333,-149.3333,84.22,18.3
Tūkrah,5,LY,1644432476,60,32.5341,20.5791,52.75,13.44
Petropavl,75,KZ,1644432472,99,54.8753,69.1628,-2.72,7.7
Palmerston,75,AU,1644432477,89,-12.486,130.9833,80.58,3.44
Hendek,100,TR,1644432477,98,40.7994,30.7481,37.72,1.1
Meulaboh,100,ID,1644432477,86,4.1363,96.1285,73.74,6.46
Spoleto,3,IT,1644432477,85,42.7448,12.7374,49.95,2.84
Paranaíba,100,BR,1644432478,60,-19.6772,-51.1908,84.4,6.08
Alizai,0,PK,1644432478,48,33.5383,70.3462,45.88,3.38
Safford,0,US,1644432478,20,32.834,-109.7076,65.52,6.87
Patacamaya,88,BO,1644432479,51,-17.2333,-67.9167,57.42,7.2
Gorontalo,100,ID,1644432479,94,0.5412,123.0595,75.15,3.11
Shakawe,25,BW,1644432479,69,-18.3667,21.85,72.9,6.04
Kikwit,36,CD,1644432479,67,-5.041,18.8162,76.64,2.66
Santa Maria,20,BR,1644432479,36,-29.6842,-53.8069,81.7,6.91
São Filipe,7,CV,1644432480,60,14.8961,-24.4956,76.87,4.92
Labuhan,100,ID,1644432480,89,-6.8844,112.2051,76.86,9.6
Voykovo,16,UA,1644432480,78,45.3826,36.4372,38.66,14.07
Port Elizabeth,0,ZA,1644432401,88,-33.918,25.5701,68.09,5.75
Thessalon,100,CA,1644432481,97,46.2501,-83.5666,34.56,12.73
San Cristobal,81,VE,1644432481,55,7.7669,-72.225,78.98,5.68
La Ronge,100,CA,1644432481,72,55.1001,-105.2842,7.05,9.22
Hīt,86,IQ,1644432481,31,33.6416,42.8251,64.26,20.87
Enshi,10,CN,1644432482,89,30.3,109.4833,36.16,0.56
Bartica,77,GY,1644432482,88,6.4,-58.6167,80.92,4.7
Lékoni,90,GA,1644432482,41,-1.5843,14.2591,84.24,4.21
Ossora,47,RU,1644432482,100,59.2353,163.0719,-11.63,2.68
Jiangkou,100,CN,1644432483,87,25.4872,119.1986,49.89,7.58
Puerto del Rosario,94,ES,1644432483,43,28.5004,-13.8627,73.15,0.0
Ambon City,40,ID,1644432483,94,-3.6954,128.1814,75.34,4.61
Krasnyy Chikoy,100,RU,1644432483,98,50.3643,108.7512,-2.29,2.46
Narsaq,85,GL,1644432484,70,60.9167,-46.05,14.22,9.26
Severnyy,100,RU,1644432484,93,50.677,36.5532,32.04,8.95
Oddur,58,SO,1644432484,23,4.1213,43.8894,77.5,12.53
Waipawa,100,NZ,1644432484,97,-41.4122,175.5153,68.63,4.92
Arrondissement de Poitiers,40,FR,1644432221,81,46.5833,0.3333,50.41,12.66
Río Gallegos,40,AR,1644432221,17,-51.6226,-69.2181,62.65,39.12
Lata,0,PT,1644432485,66,40.1629,-8.3327,58.82,0.74
Coolum Beach,4,AU,1644432485,91,-26.5333,153.1,67.33,8.08
Kazanka,69,UA,1644432486,89,47.8462,32.8218,33.55,12.46
Caucayá,100,CO,1644432486,89,-0.1934,-74.7819,78.3,1.5
Kloulklubed,100,PW,1644432487,80,7.0419,134.2556,77.5,12.24
Shintomi,100,JP,1644432487,93,32.0785,131.4723,45.64,4.36
Aiken,0,US,1644432487,37,33.5835,-81.5998,60.12,13.8
Tessalit,0,ML,1644432488,7,20.1986,1.0114,72.61,9.04
Kollo,1,NE,1644432488,10,13.3043,2.339,91.83,9.62
Ayorou,0,NE,1644432488,8,14.7308,0.9174,80.67,10.83
Ōhara,100,JP,1644432489,70,35.25,140.3833,44.01,14.34
Pullman,0,US,1644432489,61,46.7313,-117.1796,50.27,5.75
Encheng,100,CN,1644432489,68,22.1839,112.3026,55.96,6.35
Lavrentiya,61,RU,1644432489,92,65.5833,-171.0,-24.36,7.65
Zhigansk,95,RU,1644432490,98,66.7697,123.3711,-34.53,7.09
Bubaque,11,GW,1644432490,71,11.2833,-15.8333,78.51,14.14
Makassar,40,ID,1644432490,100,-5.14,119.4221,75.25,1.14
Lucea,10,JM,1644432491,68,18.451,-78.1736,83.86,5.23
Ukiah,100,US,1644432491,25,39.1502,-123.2078,74.37,1.54
Green River,99,US,1644432491,42,41.5286,-109.4662,44.15,25.97
Belyy Yar,100,RU,1644432491,76,53.6039,91.3903,-17.14,4.47
Southbridge,0,US,1644432481,48,42.0751,-72.0334,44.37,1.99
Madimba,100,TZ,1644432492,83,-10.4,40.3333,80.01,10.42
Palmer,0,US,1644432492,44,42.1584,-72.3287,45.48,9.22
Tabora,100,TZ,1644432492,88,-5.0167,32.8,67.53,2.35
Rodolfo Sánchez Taboada,6,MX,1644432493,29,31.7167,-116.5667,83.19,0.78
Coyhaique,40,CL,1644432493,42,-45.5752,-72.0662,66.81,8.05
Chicama,100,PE,1644432493,56,-7.8447,-79.1469,72.14,9.95
Bereda,0,ES,1644432493,86,43.2686,-7.5406,55.15,2.17
Mezen',100,RU,1644432494,93,65.8522,44.24,19.83,11.34
Boca do Acre,67,BR,1644432494,57,-8.7522,-67.3978,87.98,4.79
Taldan,92,RU,1644432494,99,53.6667,124.8,-6.9,2.35
Ixtapa,0,MX,1644432494,24,20.7,-105.2,86.56,7.63
Vinh,100,VN,1644432429,90,18.6667,105.6667,63.7,4.92
Huntsville,0,US,1644432495,34,34.7304,-86.5861,62.15,21.99
Luanda,40,AO,1644432359,78,-8.8368,13.2343,78.8,9.22
Te Anau,46,NZ,1644432495,95,-45.4167,167.7167,61.38,3.06
Creel,18,MX,1644432496,20,27.75,-107.6333,53.82,6.69
Souillac,40,MU,1644432496,83,-20.5167,57.5167,77.38,4.61
Challans,6,FR,1644432496,86,46.8436,-1.8749,44.51,6.35
Bambanglipuro,100,ID,1644432496,88,-7.95,110.2833,77.83,11.72
Montorio al Vomano,6,IT,1644432497,59,42.5831,13.6383,55.63,4.61
Macomer,0,IT,1644432497,79,40.262,8.7699,43.63,1.01
Bo Rai,93,TH,1644432497,92,12.5728,102.5371,84.85,1.07
Pontianak,75,ID,1644432497,94,-0.0333,109.3333,75.18,0.0
Port Said,11,EG,1644432498,65,31.2565,32.2841,55.58,28.81
Phalodi,0,IN,1644432498,42,27.1333,72.3667,64.51,7.52
Date,8,JP,1644432498,77,42.4681,140.8681,19.13,5.1
Bingöl,100,TR,1644432383,87,38.8847,40.4939,36.12,3.44
Maragogi,60,BR,1644432499,66,-9.0122,-35.2225,82.92,12.62
Fort Thomas,0,US,1644432499,53,39.0751,-84.4472,52.14,14.97
Sinnamary,31,GF,1644432499,83,5.3833,-52.95,79.03,10.11
Itarema,45,BR,1644432499,64,-2.9248,-39.9167,84.07,13.31
Clyde River,100,CA,1644432500,76,70.4692,-68.5914,-19.97,26.46
Slantsy,100,RU,1644432492,88,59.1182,28.0914,33.6,11.16
Buta,100,CD,1644432500,33,2.7858,24.73,77.36,2.37
Grindavik,75,IS,1644432500,74,63.8424,-22.4338,28.35,20.71
Gualaceo,93,EC,1644432501,69,-2.9,-78.7833,71.26,6.51
Carnot,83,CF,1644432501,19,4.9409,15.8665,76.41,2.95
Bilma,0,NE,1644432501,8,18.6853,12.9164,69.22,11.52
Kostomuksha,100,RU,1644432501,93,64.571,30.5767,21.25,8.84
Izumo,100,JP,1644432502,77,35.3667,132.7667,33.75,6.31
Mitsamiouli,20,KM,1644432502,78,-11.3847,43.2844,82.69,8.05
Yazd,0,IR,1644432358,17,31.8972,54.3675,50.11,4.61
Sindor,100,RU,1644432502,92,62.8629,51.8905,14.76,12.35
Tamale,94,GH,1644432503,10,9.4008,-0.8393,89.1,5.23
Olginskaya,100,RU,1644432503,95,47.1879,39.9492,36.93,9.86
Paraguaçu,36,BR,1644432503,79,-21.5472,-45.7375,70.93,6.42
Fonseca,100,CO,1644432504,50,10.8861,-72.8487,87.28,7.72
Nagorsk,100,RU,1644432504,95,59.3172,50.8078,21.25,7.38
Concepción del Oro,4,MX,1644432504,22,24.6333,-101.4167,55.98,2.28
Tahoua,0,NE,1644432504,6,14.8888,5.2692,85.98,9.22
Aksarka,99,RU,1644432505,99,66.5606,67.7975,-0.9,9.86
Fulton,0,US,1644432505,32,33.7668,-84.4499,62.26,9.22
Coffs Harbour,0,AU,1644432505,94,-30.3,153.1333,59.27,4.61
Matadi,11,CD,1644432505,70,-5.8167,13.45,80.29,5.26
Sovetskiy,71,RU,1644432506,94,61.3614,63.5842,8.49,9.31
Kerema,92,PG,1644432506,86,-7.9631,145.7785,77.43,4.41
Tambacounda,11,SN,1644432506,7,13.7539,-13.7586,90.01,8.05
Topaowan,5,CN,1644432506,91,30.67,112.6895,36.1,4.76
Hirara,82,JP,1644432507,75,24.8,125.2833,68.59,6.6
Roald,75,NO,1644432507,75,62.5833,6.1333,42.33,32.21
Mandera,57,KE,1644432507,16,3.9366,41.867,85.6,10.16
Sumenep,100,ID,1644432508,89,-7.0167,113.8667,77.5,10.69
Chātakonda,16,IN,1644432508,78,17.55,80.65,68.76,7.85
Sur,2,OM,1644432508,62,22.5667,59.5289,70.12,7.67
Kenai,100,US,1644432508,92,60.5544,-151.2583,19.49,5.75
Praia,0,CV,1644432283,44,14.9215,-23.5087,82.94,16.11
Foam Lake,64,CA,1644432509,91,51.65,-103.5343,24.82,2.66
San Quintín,100,MX,1644432509,32,30.4833,-115.95,68.49,4.27
Hvolsvollur,14,IS,1644432509,75,63.7533,-20.2243,32.67,13.49
Thunder Bay,100,CA,1644432510,77,48.4001,-89.3168,30.29,16.11
Port Hawkesbury,100,CA,1644432510,88,45.6169,-61.3485,33.91,18.41
Morondava,73,MG,1644432510,77,-20.2833,44.2833,79.95,10.78
Natchitoches,0,US,1644432511,29,31.7668,-93.1335,65.17,6.91
Atasū,57,KZ,1644432511,99,48.6814,71.6433,-2.38,2.1
Matara,100,LK,1644432511,82,5.9485,80.5353,76.03,4.45
Vardø,100,NO,1644432511,80,70.3705,31.1107,26.8,13.8
Jundiá,88,BR,1644432512,50,-8.9347,-35.5736,87.62,14.85
Tiksi,100,RU,1644432505,93,71.6872,128.8694,-12.23,12.95
Ishigaki,94,JP,1644432512,78,24.3448,124.1572,69.33,7.47
Belaya Gora,69,RU,1644432512,99,68.5333,146.4167,-44.36,5.79
Aranos,51,NA,1644432513,52,-24.1333,19.1167,75.04,4.38
Isangel,100,VU,1644432513,98,-19.55,169.2667,77.99,34.25
Madarounfa,91,NE,1644432513,10,13.3087,7.156,82.63,10.31
Haputale,100,LK,1644432514,77,6.7681,80.9595,59.59,4.23
Husavik,100,IS,1644432514,71,66.0449,-17.3389,24.71,18.37
Nouadhibou,49,MR,1644432514,11,20.931,-17.0347,89.58,4.61
Kalmunai,91,LK,1644432515,82,7.4167,81.8167,76.03,7.05
Kachīry,5,KZ,1644432515,99,53.0675,76.1036,-14.19,5.44
Pulandian,6,CN,1644432515,73,39.3953,121.9669,24.93,2.82
Klaksvík,100,FO,1644432515,98,62.2266,-6.589,32.92,12.5
Riva,0,US,1644432516,55,38.9521,-76.578,58.23,9.22
Kefamenanu,90,ID,1644432516,95,-9.4467,124.4781,72.05,0.09
Fairbanks,100,US,1644432517,74,64.8378,-147.7164,-6.39,4.61
Nishihara,75,JP,1644432517,82,26.1842,127.7558,62.65,5.75
Ordynskoye,6,RU,1644432517,96,54.3656,81.8994,-8.54,8.16
Scarborough,100,GB,1644432504,73,54.2797,-0.4044,44.53,4.0
Mehamn,0,NO,1644432518,74,71.0357,27.8492,26.78,28.77
Beira,20,MZ,1644432518,83,-19.8436,34.8389,80.69,6.91
Yangi Marg`ilon,100,UZ,1644432518,74,40.4272,71.7189,36.82,6.91
Guilin,100,CN,1644432519,89,25.2819,110.2864,42.91,4.05
Ugoofaaru,100,MV,1644432519,73,5.6667,73.0,81.37,10.42
Denpasar,75,ID,1644432519,94,-8.65,115.2167,76.71,11.5
Yauya,94,PE,1644432519,47,-8.9833,-77.3,62.19,6.98
Yerbogachën,65,RU,1644432520,100,61.2767,108.0108,-32.8,2.82
Vostok,56,RU,1644432520,98,46.4856,135.8833,-5.12,4.32
Monrovia,5,LR,1644432520,79,6.3005,-10.7969,80.64,8.66
Province of Mantua,9,IT,1644432520,80,45.1667,10.7833,50.95,1.99
Zhicheng,6,CN,1644432521,89,30.2956,111.5047,37.44,0.85
Praia da Vitória,40,PT,1644432521,82,38.7333,-27.0667,60.76,13.78
Boone,100,US,1644432521,41,39.0334,-92.3335,53.53,5.01
Champasak,83,LA,1644432521,73,14.75,106.0,73.36,1.79
Rūdsar,100,IR,1644432522,59,37.1376,50.288,53.65,7.47
Abu Dhabi,0,AE,1644432329,72,24.4667,54.3667,68.11,4.61
Nantucket,0,US,1644432522,57,41.2835,-70.0995,41.13,11.5
Ürümqi,75,CN,1644432523,85,43.801,87.6005,0.55,4.47
Noyon,81,FR,1644432480,82,49.5833,3.0,47.8,3.98
Quatre Cocos,19,MU,1644432523,78,-20.2078,57.7625,77.11,7.87
Ancud,100,CL,1644432524,66,-41.8697,-73.8203,69.42,11.56
Strelka,52,RU,1644432524,100,58.0728,93.0344,-22.68,1.3
Loandjili,20,CG,1644432524,83,-4.7561,11.8578,80.71,12.66
Polunochnoye,100,RU,1644432524,95,60.8697,60.4153,12.69,7.67
Bograd,94,RU,1644432525,98,54.2344,90.8328,-19.08,5.03
Maningrida,63,AU,1644432525,87,-12.0667,134.2667,78.28,5.79
Ilulissat,100,GL,1644432445,62,69.2167,-51.1,12.22,18.41
Mildura,10,AU,1644432526,55,-34.2,142.15,66.16,9.22
Griffith,75,US,1644432527,69,41.5284,-87.4237,42.89,14.97
Inhambane,0,MZ,1644432527,77,-23.865,35.3833,77.14,7.87
Simao,89,CN,1644432527,56,22.7886,100.9748,48.16,1.54
Plettenberg Bay,0,ZA,1644432527,77,-34.0527,23.3716,66.63,5.97
Eidfjord,100,NO,1644432528,96,60.4675,7.0719,39.6,17.09
Rio Claro,71,BR,1644432312,64,-22.4114,-47.5614,84.02,5.59
Navrongo,0,GH,1644432528,12,10.8956,-1.0921,86.27,7.38
Dāmghān,31,IR,1644432529,44,36.1683,54.348,41.88,1.63
São João da Barra,100,BR,1644432529,88,-21.6403,-41.0511,78.89,11.88
Lewistown,47,US,1644432529,100,40.5992,-77.5714,54.19,8.5
